id,is_fragment_true,is_fragment_prob,type_0_true,type_0_prob,type_1_true,type_1_prob,type_2_true,type_2_prob
P50902,1,0.558978796005249,0.0,0.012790747918188572,0.0,0.013036426156759262,0.0,0.014992614276707172
P49953,1,0.6540253162384033,0.0,0.01790935918688774,0.0,0.016218150034546852,0.0,0.01909087970852852
P0DMB8,1,0.8540923595428467,0.0,3.4607379348017275e-05,0.0,7.3799010351649486e-06,0.0,1.1817426639026962e-05
P0DMB7,1,0.8540923595428467,0.0,3.460741208982654e-05,0.0,7.3799010351649486e-06,0.0,1.1817415725090541e-05
